{"v":"5.7.3","fr":60,"ip":0,"op":361,"w":1000,"h":1000,"nm":"01 01","ddd":0,"assets":[{"id":"comp_0","layers":[{"ddd":0,"ind":1,"ty":4,"nm":"Shape Layer 1","sr":1,"ks":{"o":{"a":0,"k":100,"ix":11},"r":{"a":0,"k":0,"ix":10},"p":{"a":0,"k":[15,-196,0],"ix":2},"a":{"a":0,"k":[0,0,0],"ix":1},"s":{"a":0,"k":[100,100,100],"ix":6}},"ao":0,"shapes":[{"ty":"gr","it":[{"d":1,"ty":"el","s":{"a":0,"k":[176,176],"ix":2},"p":{"a":0,"k":[0,0],"ix":3},"nm":"Ellipse Path 1","mn":"ADBE Vector Shape - Ellipse","hd":false},{"ty":"rp","c":{"a":0,"k":7,"ix":1},"o":{"a":1,"k":[{"i":{"x":[0.833],"y":[0.833]},"o":{"x":[0.167],"y":[0.167]},"t":0,"s":[-3]},{"t":60,"s":[-1]}],"ix":2},"m":1,"ix":2,"tr":{"ty":"tr","p":{"a":0,"k":[107,24],"ix":2},"a":{"a":0,"k":[-21,0],"ix":1},"s":{"a":0,"k":[79,79],"ix":3},"r":{"a":0,"k":99,"ix":4},"so":{"a":0,"k":100,"ix":5},"eo":{"a":0,"k":100,"ix":6},"nm":"Transform"},"nm":"Repeater 1","mn":"ADBE Vector Filter - Repeater","hd":false},{"ty":"fl","c":{"a":0,"k":[0.725490196078,0.866666666667,1,1],"ix":4},"o":{"a":0,"k":100,"ix":5},"r":1,"bm":0,"nm":"Fill 1","mn":"ADBE Vector Graphic - Fill","hd":false},{"ty":"tr","p":{"a":0,"k":[63,347],"ix":2},"a":{"a":0,"k":[0,0],"ix":1},"s":{"a":0,"k":[100,100],"ix":3},"r":{"a":0,"k":0,"ix":6},"o":{"a":0,"k":100,"ix":7},"sk":{"a":0,"k":0,"ix":4},"sa":{"a":0,"k":0,"ix":5},"nm":"Transform"}],"nm":"Ellipse 1","np":3,"cix":2,"bm":0,"ix":1,"mn":"ADBE Vector Group","hd":false}],"ip":0,"op":61,"st":0,"bm":0}]}],"layers":[{"ddd":0,"ind":2,"ty":4,"nm":"rocket 2","td":1,"sr":1,"ks":{"o":{"a":0,"k":100,"ix":11},"r":{"a":0,"k":0,"ix":10},"p":{"a":0,"k":[500,500,0],"ix":2},"a":{"a":0,"k":[122.07,132.01,0],"ix":1},"s":{"a":0,"k":[420,420,100],"ix":6}},"ao":0,"shapes":[{"ty":"gr","it":[{"ty":"gr","it":[{"ind":0,"ty":"sh","ix":1,"ks":{"a":0,"k":{"i":[[0,-9.587],[9.585,0],[0,9.587],[-9.587,0]],"o":[[0,9.587],[-9.587,0],[0,-9.587],[9.585,0]],"v":[[17.359,0],[0.003,17.358],[-17.359,0],[0.003,-17.358]],"c":true},"ix":2},"nm":"Path 1","mn":"ADBE Vector Shape - Group","hd":false},{"ty":"fl","c":{"a":0,"k":[0.477999997606,0.275,0.26699999641,1],"ix":4},"o":{"a":0,"k":100,"ix":5},"r":1,"bm":0,"nm":"Fill 1","mn":"ADBE Vector Graphic - Fill","hd":false},{"ty":"tr","p":{"a":0,"k":[118.207,104.532],"ix":2},"a":{"a":0,"k":[0,0],"ix":1},"s":{"a":0,"k":[100,100],"ix":3},"r":{"a":0,"k":0,"ix":6},"o":{"a":0,"k":100,"ix":7},"sk":{"a":0,"k":0,"ix":4},"sa":{"a":0,"k":0,"ix":5},"nm":"Transform"}],"nm":"Group 190","np":2,"cix":2,"bm":0,"ix":1,"mn":"ADBE Vector Group","hd":false},{"ty":"tr","p":{"a":1,"k":[{"i":{"x":0.667,"y":1},"o":{"x":0.333,"y":0},"t":0,"s":[119.524,124],"to":[0,-4.5],"ti":[0,0]},{"i":{"x":0.667,"y":1},"o":{"x":0.333,"y":0},"t":73,"s":[119.524,97],"to":[0,0],"ti":[0,0]},{"i":{"x":0.667,"y":1},"o":{"x":0.333,"y":0},"t":180,"s":[119.524,124],"to":[0,0],"ti":[0,0]},{"i":{"x":0.667,"y":1},"o":{"x":0.333,"y":0},"t":253,"s":[119.524,97],"to":[0,0],"ti":[0,-4.5]},{"t":360,"s":[119.524,124]}],"ix":2},"a":{"a":0,"k":[119.524,110],"ix":1},"s":{"a":0,"k":[100,100],"ix":3},"r":{"a":0,"k":0,"ix":6},"o":{"a":0,"k":100,"ix":7},"sk":{"a":0,"k":0,"ix":4},"sa":{"a":0,"k":0,"ix":5},"nm":"Transform"}],"nm":"rocket","np":1,"cix":2,"bm":0,"ix":1,"mn":"ADBE Vector Group","hd":false}],"ip":0,"op":365,"st":0,"bm":0},{"ddd":0,"ind":3,"ty":4,"nm":"Shape Layer 2","tt":1,"sr":1,"ks":{"o":{"a":0,"k":15,"ix":11},"r":{"a":0,"k":0,"ix":10},"p":{"a":1,"k":[{"i":{"x":0.833,"y":0.833},"o":{"x":0.167,"y":0.167},"t":0,"s":[260,230,0],"to":[0,0,0],"ti":[0,0,0]},{"i":{"x":0.833,"y":0.833},"o":{"x":0.167,"y":0.167},"t":92,"s":[520,230,0],"to":[0,0,0],"ti":[0,0,0]},{"i":{"x":0.833,"y":0.833},"o":{"x":0.167,"y":0.167},"t":132,"s":[520,230,0],"to":[0,0,0],"ti":[0,0,0]},{"i":{"x":0.833,"y":0.833},"o":{"x":0.167,"y":0.167},"t":134,"s":[555.91,10,0],"to":[0,0,0],"ti":[0,0,0]},{"i":{"x":0.833,"y":0.833},"o":{"x":0.167,"y":0.167},"t":141,"s":[189.416,81.74,0],"to":[0,0,0],"ti":[0,0,0]},{"i":{"x":0.833,"y":0.833},"o":{"x":0.167,"y":0.167},"t":174,"s":[189.416,81.74,0],"to":[0,0,0],"ti":[0,0,0]},{"i":{"x":0.833,"y":0.833},"o":{"x":0.167,"y":0.167},"t":180,"s":[260,230,0],"to":[0,0,0],"ti":[0,0,0]},{"i":{"x":0.833,"y":0.833},"o":{"x":0.167,"y":0.167},"t":272,"s":[520,230,0],"to":[0,0,0],"ti":[0,0,0]},{"i":{"x":0.833,"y":0.833},"o":{"x":0.167,"y":0.167},"t":312,"s":[520,230,0],"to":[0,0,0],"ti":[0,0,0]},{"i":{"x":0.833,"y":0.833},"o":{"x":0.167,"y":0.167},"t":314,"s":[555.91,10,0],"to":[0,0,0],"ti":[0,0,0]},{"i":{"x":0.833,"y":0.833},"o":{"x":0.167,"y":0.167},"t":321,"s":[189.416,81.74,0],"to":[0,0,0],"ti":[0,0,0]},{"i":{"x":0.833,"y":0.833},"o":{"x":0.167,"y":0.167},"t":354,"s":[189.416,81.74,0],"to":[0,0,0],"ti":[0,0,0]},{"t":360,"s":[260,230,0]}],"ix":2},"a":{"a":0,"k":[0,0,0],"ix":1},"s":{"a":0,"k":[100,100,100],"ix":6}},"ao":0,"shapes":[{"ty":"gr","it":[{"ty":"rc","d":1,"s":{"a":0,"k":[10,167],"ix":2},"p":{"a":0,"k":[-38,0],"ix":3},"r":{"a":0,"k":0,"ix":4},"nm":"Rectangle Path 1","mn":"ADBE Vector Shape - Rect","hd":false},{"ty":"rc","d":1,"s":{"a":0,"k":[41,167],"ix":2},"p":{"a":0,"k":[0,0],"ix":3},"r":{"a":0,"k":0,"ix":4},"nm":"Rectangle Path 2","mn":"ADBE Vector Shape - Rect","hd":false},{"ty":"fl","c":{"a":0,"k":[1,1,1,1],"ix":4},"o":{"a":0,"k":100,"ix":5},"r":1,"bm":0,"nm":"Fill 1","mn":"ADBE Vector Graphic - Fill","hd":false},{"ty":"tr","p":{"a":1,"k":[{"i":{"x":0.667,"y":1},"o":{"x":0.333,"y":0},"t":0,"s":[119.524,124],"to":[0,-4.5],"ti":[0,0]},{"i":{"x":0.667,"y":1},"o":{"x":0.333,"y":0},"t":73,"s":[119.524,97],"to":[0,0],"ti":[0,0]},{"i":{"x":0.667,"y":1},"o":{"x":0.333,"y":0},"t":180,"s":[119.524,124],"to":[0,0],"ti":[0,0]},{"i":{"x":0.667,"y":1},"o":{"x":0.333,"y":0},"t":253,"s":[119.524,97],"to":[0,0],"ti":[0,-4.5]},{"t":360,"s":[119.524,124]}],"ix":2},"a":{"a":0,"k":[0,0],"ix":1},"s":{"a":0,"k":[100,159],"ix":3},"r":{"a":0,"k":0,"ix":6},"o":{"a":0,"k":100,"ix":7},"sk":{"a":0,"k":19,"ix":4},"sa":{"a":0,"k":0,"ix":5},"nm":"Transform"}],"nm":"Rectangle 1","np":3,"cix":2,"bm":0,"ix":1,"mn":"ADBE Vector Group","hd":false}],"ip":0,"op":481,"st":0,"bm":0},{"ddd":0,"ind":4,"ty":4,"nm":"rocket","sr":1,"ks":{"o":{"a":0,"k":100,"ix":11},"r":{"a":0,"k":0,"ix":10},"p":{"a":0,"k":[500,500,0],"ix":2},"a":{"a":0,"k":[122.07,132.01,0],"ix":1},"s":{"a":0,"k":[420,420,100],"ix":6}},"ao":0,"shapes":[{"ty":"gr","it":[{"ty":"gr","it":[{"ind":0,"ty":"sh","ix":1,"ks":{"a":0,"k":{"i":[[0,-9.587],[9.585,0],[0,9.587],[-9.587,0]],"o":[[0,9.587],[-9.587,0],[0,-9.587],[9.585,0]],"v":[[17.359,0],[0.003,17.358],[-17.359,0],[0.003,-17.358]],"c":true},"ix":2},"nm":"Path 1","mn":"ADBE Vector Shape - Group","hd":false},{"ty":"fl","c":{"a":0,"k":[0.477999997606,0.275,0.26699999641,1],"ix":4},"o":{"a":0,"k":100,"ix":5},"r":1,"bm":0,"nm":"Fill 1","mn":"ADBE Vector Graphic - Fill","hd":false},{"ind":2,"ty":"sh","ix":3,"ks":{"a":0,"k":{"i":[[0,-12.09],[12.089,0],[0,12.089],[-12.09,0]],"o":[[0,12.089],[-12.09,0],[0,-12.09],[12.089,0]],"v":[[21.893,0],[0.003,21.892],[-21.888,0],[0.003,-21.891]],"c":true},"ix":2},"nm":"Path 2","mn":"ADBE Vector Shape - Group","hd":false},{"ty":"fl","c":{"a":0,"k":[1,0.925,0.705999995213,1],"ix":4},"o":{"a":0,"k":100,"ix":5},"r":1,"bm":0,"nm":"Fill 2","mn":"ADBE Vector Graphic - Fill","hd":false},{"ty":"tr","p":{"a":0,"k":[118.207,104.532],"ix":2},"a":{"a":0,"k":[0,0],"ix":1},"s":{"a":0,"k":[100,100],"ix":3},"r":{"a":0,"k":0,"ix":6},"o":{"a":0,"k":100,"ix":7},"sk":{"a":0,"k":0,"ix":4},"sa":{"a":0,"k":0,"ix":5},"nm":"Transform"}],"nm":"Group 190","np":4,"cix":2,"bm":0,"ix":1,"mn":"ADBE Vector Group","hd":false},{"ty":"gr","it":[{"ind":0,"ty":"sh","ix":1,"ks":{"a":0,"k":{"i":[[22.792,18.281],[4.68,-21.154],[-27.35,-12.357]],"o":[[0,0],[0,0],[0,0]],"v":[[-1.594,-20.372],[-25.339,20.372],[25.339,20.372]],"c":true},"ix":2},"nm":"Path 1","mn":"ADBE Vector Shape - Group","hd":false},{"ty":"fl","c":{"a":0,"k":[0.885999971278,0.383999992819,0.301999978458,1],"ix":4},"o":{"a":0,"k":100,"ix":5},"r":1,"bm":0,"nm":"Fill 1","mn":"ADBE Vector Graphic - Fill","hd":false},{"ind":2,"ty":"sh","ix":3,"ks":{"a":0,"k":{"i":[[-14.393,-64.385],[0,30.31],[1.046,4.361],[10.241,10.081],[1.437,0.891]],"o":[[29.627,-2.626],[0,-4.681],[-4.531,-11.57],[-1.349,-1.01],[-4.925,4.959]],"v":[[-27.523,87.352],[25.338,29.547],[23.723,15.959],[2.022,-16.967],[-2.166,-19.812]],"c":true},"ix":2},"nm":"Path 2","mn":"ADBE Vector Shape - Group","hd":false},{"ty":"fl","c":{"a":0,"k":[0.969000004787,0.685999971278,0.282000014361,1],"ix":4},"o":{"a":0,"k":100,"ix":5},"r":1,"bm":0,"nm":"Fill 2","mn":"ADBE Vector Graphic - Fill","hd":false},{"ind":4,"ty":"sh","ix":5,"ks":{"a":0,"k":{"i":[[55.149,49.073],[-31.753,-83.713],[-22.595,10.346]],"o":[[0,0],[0,0],[0,0]],"v":[[-1.594,-20.372],[-20.535,110.489],[22.766,110.489]],"c":true},"ix":2},"nm":"Path 3","mn":"ADBE Vector Shape - Group","hd":false},{"ty":"fl","c":{"a":0,"k":[0.972999961703,0.838999968884,0.275,1],"ix":4},"o":{"a":0,"k":100,"ix":5},"r":1,"bm":0,"nm":"Fill 3","mn":"ADBE Vector Graphic - Fill","hd":false},{"ty":"tr","p":{"a":0,"k":[118.036,57.229],"ix":2},"a":{"a":0,"k":[0,0],"ix":1},"s":{"a":0,"k":[100,100],"ix":3},"r":{"a":0,"k":0,"ix":6},"o":{"a":0,"k":100,"ix":7},"sk":{"a":0,"k":0,"ix":4},"sa":{"a":0,"k":0,"ix":5},"nm":"Transform"}],"nm":"Group 192","np":6,"cix":2,"bm":0,"ix":2,"mn":"ADBE Vector Group","hd":false},{"ty":"gr","it":[{"ty":"fl","c":{"a":0,"k":[0.725,0.866999966491,1,1],"ix":4},"o":{"a":0,"k":100,"ix":5},"r":1,"bm":0,"nm":"Fill 1","mn":"ADBE Vector Graphic - Fill","hd":false},{"ty":"tr","p":{"a":0,"k":[114.858,208.376],"ix":2},"a":{"a":0,"k":[0,0],"ix":1},"s":{"a":0,"k":[100,100],"ix":3},"r":{"a":0,"k":0,"ix":6},"o":{"a":0,"k":100,"ix":7},"sk":{"a":0,"k":0,"ix":4},"sa":{"a":0,"k":0,"ix":5},"nm":"Transform"}],"nm":"Group 193","np":1,"cix":2,"bm":0,"ix":3,"mn":"ADBE Vector Group","hd":false},{"ty":"gr","it":[{"ind":0,"ty":"sh","ix":1,"ks":{"a":0,"k":{"i":[[0,0],[0,0],[4.897,-16.76],[0,0]],"o":[[0,0],[0,0],[0,0],[0,0]],"v":[[-7.509,-13.408],[-4.443,-18.649],[5.35,18.649],[-10.247,-0.657]],"c":true},"ix":2},"nm":"Path 1","mn":"ADBE Vector Shape - Group","hd":false},{"ind":1,"ty":"sh","ix":2,"ks":{"a":0,"k":{"i":[[0,0],[0,0],[-6.452,-16.223],[0,0]],"o":[[0,0],[0,0],[0,0],[0,0]],"v":[[-57.572,-13.872],[-61.117,-18.801],[-67.359,19.252],[-53.646,-1.434]],"c":true},"ix":2},"nm":"Path 2","mn":"ADBE Vector Shape - Group","hd":false},{"ty":"fl","c":{"a":0,"k":[0.8,0.286000001197,0.231000010173,1],"ix":4},"o":{"a":0,"k":100,"ix":5},"r":1,"bm":0,"nm":"Fill 1","mn":"ADBE Vector Graphic - Fill","hd":false},{"ty":"tr","p":{"a":0,"k":[151.63,163.383],"ix":2},"a":{"a":0,"k":[0,0],"ix":1},"s":{"a":0,"k":[100,100],"ix":3},"r":{"a":0,"k":0,"ix":6},"o":{"a":0,"k":100,"ix":7},"sk":{"a":0,"k":0,"ix":4},"sa":{"a":0,"k":0,"ix":5},"nm":"Transform"}],"nm":"Group 197","np":3,"cix":2,"bm":0,"ix":4,"mn":"ADBE Vector Group","hd":false},{"ty":"gr","it":[{"ind":0,"ty":"sh","ix":1,"ks":{"a":0,"k":{"i":[[0,0],[16.026,-37.517],[0,0]],"o":[[0,0],[0,0],[0,0]],"v":[[-8.895,-25.758],[-0.215,25.758],[-15.812,6.453]],"c":true},"ix":2},"nm":"Path 1","mn":"ADBE Vector Shape - Group","hd":false},{"ind":1,"ty":"sh","ix":2,"ks":{"a":0,"k":{"i":[[0,0],[-19.485,-35.844],[0,0]],"o":[[0,0],[0,0],[0,0]],"v":[[-69.128,-25.743],[-72.922,26.36],[-59.211,5.674]],"c":true},"ix":2},"nm":"Path 2","mn":"ADBE Vector Shape - Group","hd":false},{"ty":"fl","c":{"a":0,"k":[0.885999971278,0.383999992819,0.301999978458,1],"ix":4},"o":{"a":0,"k":100,"ix":5},"r":1,"bm":0,"nm":"Fill 1","mn":"ADBE Vector Graphic - Fill","hd":false},{"ty":"tr","p":{"a":0,"k":[157.195,156.274],"ix":2},"a":{"a":0,"k":[0,0],"ix":1},"s":{"a":0,"k":[100,100],"ix":3},"r":{"a":0,"k":0,"ix":6},"o":{"a":0,"k":100,"ix":7},"sk":{"a":0,"k":0,"ix":4},"sa":{"a":0,"k":0,"ix":5},"nm":"Transform"}],"nm":"Group 198","np":3,"cix":2,"bm":0,"ix":5,"mn":"ADBE Vector Group","hd":false},{"ty":"gr","it":[{"ind":0,"ty":"sh","ix":1,"ks":{"a":0,"k":{"i":[[23.658,11.531],[4.679,-21.154],[-30.696,-1.415]],"o":[[0,0],[0,0],[0,0]],"v":[[-5.602,-20.372],[-25.338,20.372],[25.338,20.372]],"c":true},"ix":2},"nm":"Path 1","mn":"ADBE Vector Shape - Group","hd":false},{"ty":"fl","c":{"a":0,"k":[0.8,0.286000001197,0.231000010173,1],"ix":4},"o":{"a":0,"k":100,"ix":5},"r":1,"bm":0,"nm":"Fill 1","mn":"ADBE Vector Graphic - Fill","hd":false},{"ind":2,"ty":"sh","ix":3,"ks":{"a":0,"k":{"i":[[60.599,42.835],[-31.754,-83.713],[-22.595,10.346]],"o":[[0,0],[0,0],[0,0]],"v":[[-5.602,-20.372],[-20.535,110.489],[22.765,110.489]],"c":true},"ix":2},"nm":"Path 2","mn":"ADBE Vector Shape - Group","hd":false},{"ty":"fl","c":{"a":0,"k":[0.917999985639,0.769000004787,0.156999999402,1],"ix":4},"o":{"a":0,"k":100,"ix":5},"r":1,"bm":0,"nm":"Fill 2","mn":"ADBE Vector Graphic - Fill","hd":false},{"ty":"tr","p":{"a":0,"k":[122.044,57.229],"ix":2},"a":{"a":0,"k":[0,0],"ix":1},"s":{"a":0,"k":[100,100],"ix":3},"r":{"a":0,"k":0,"ix":6},"o":{"a":0,"k":100,"ix":7},"sk":{"a":0,"k":0,"ix":4},"sa":{"a":0,"k":0,"ix":5},"nm":"Transform"}],"nm":"Group 202","np":4,"cix":2,"bm":0,"ix":6,"mn":"ADBE Vector Group","hd":false},{"ty":"gr","it":[{"ind":0,"ty":"sh","ix":1,"ks":{"a":1,"k":[{"i":{"x":0.21,"y":1},"o":{"x":0.59,"y":0},"t":0,"s":[{"i":[[0,0],[-1.698,-8.57],[0,0],[-0.745,5.957],[0,0]],"o":[[0,0],[1.302,6.57],[0,0],[1.085,-8.669],[0,0]],"v":[[-8.178,-17.08],[-14.692,4.814],[1.373,16.821],[16.834,3.785],[8.176,-17.08]],"c":true}]},{"i":{"x":0.21,"y":1},"o":{"x":0.59,"y":0},"t":36,"s":[{"i":[[0,0],[-2.357,-11.895],[0,0],[-1.035,8.268],[0,0]],"o":[[0,0],[1.807,9.119],[0,0],[1.506,-12.033],[0,0]],"v":[[-8.178,-17.08],[-20.689,11.366],[1.847,33.509],[23.069,9.937],[8.176,-17.08]],"c":true}]},{"i":{"x":0.21,"y":1},"o":{"x":0.59,"y":0},"t":65,"s":[{"i":[[0,0],[-1.698,-8.57],[0,0],[-0.745,5.957],[0,0]],"o":[[0,0],[1.302,6.57],[0,0],[1.085,-8.669],[0,0]],"v":[[-8.179,-17.08],[-14.692,4.814],[1.373,16.821],[16.834,3.785],[8.176,-17.08]],"c":true}]},{"i":{"x":0.21,"y":1},"o":{"x":0.59,"y":0},"t":101,"s":[{"i":[[0,0],[-2.357,-11.895],[0,0],[-1.035,8.268],[0,0]],"o":[[0,0],[1.807,9.119],[0,0],[1.506,-12.033],[0,0]],"v":[[-8.178,-17.08],[-20.689,11.366],[1.847,33.509],[23.069,9.937],[8.176,-17.08]],"c":true}]},{"i":{"x":0.21,"y":1},"o":{"x":0.59,"y":0},"t":130,"s":[{"i":[[0,0],[-1.698,-8.57],[0,0],[-0.745,5.957],[0,0]],"o":[[0,0],[1.302,6.57],[0,0],[1.085,-8.669],[0,0]],"v":[[-8.179,-17.08],[-14.692,4.814],[1.373,16.821],[16.834,3.785],[8.176,-17.08]],"c":true}]},{"i":{"x":0.21,"y":1},"o":{"x":0.59,"y":0},"t":180,"s":[{"i":[[0,0],[-1.698,-8.57],[0,0],[-0.745,5.957],[0,0]],"o":[[0,0],[1.302,6.57],[0,0],[1.085,-8.669],[0,0]],"v":[[-8.179,-17.08],[-14.692,4.814],[1.373,16.821],[16.834,3.785],[8.176,-17.08]],"c":true}]},{"i":{"x":0.21,"y":1},"o":{"x":0.59,"y":0},"t":216,"s":[{"i":[[0,0],[-2.357,-11.895],[0,0],[-1.035,8.268],[0,0]],"o":[[0,0],[1.807,9.119],[0,0],[1.506,-12.033],[0,0]],"v":[[-8.178,-17.08],[-20.689,11.366],[1.847,33.509],[23.069,9.937],[8.176,-17.08]],"c":true}]},{"i":{"x":0.21,"y":1},"o":{"x":0.59,"y":0},"t":245,"s":[{"i":[[0,0],[-1.698,-8.57],[0,0],[-0.745,5.957],[0,0]],"o":[[0,0],[1.302,6.57],[0,0],[1.085,-8.669],[0,0]],"v":[[-8.179,-17.08],[-14.692,4.814],[1.373,16.821],[16.834,3.785],[8.176,-17.08]],"c":true}]},{"i":{"x":0.21,"y":1},"o":{"x":0.59,"y":0},"t":281,"s":[{"i":[[0,0],[-2.357,-11.895],[0,0],[-1.035,8.268],[0,0]],"o":[[0,0],[1.807,9.119],[0,0],[1.506,-12.033],[0,0]],"v":[[-8.178,-17.08],[-20.689,11.366],[1.847,33.509],[23.069,9.937],[8.176,-17.08]],"c":true}]},{"i":{"x":0.21,"y":1},"o":{"x":0.59,"y":0},"t":310,"s":[{"i":[[0,0],[-1.698,-8.57],[0,0],[-0.745,5.957],[0,0]],"o":[[0,0],[1.302,6.57],[0,0],[1.085,-8.669],[0,0]],"v":[[-8.179,-17.08],[-14.692,4.814],[1.373,16.821],[16.834,3.785],[8.176,-17.08]],"c":true}]},{"t":360,"s":[{"i":[[0,0],[-1.698,-8.57],[0,0],[-0.745,5.957],[0,0]],"o":[[0,0],[1.302,6.57],[0,0],[1.085,-8.669],[0,0]],"v":[[-8.179,-17.08],[-14.692,4.814],[1.373,16.821],[16.834,3.785],[8.176,-17.08]],"c":true}]}],"ix":2},"nm":"Path 1","mn":"ADBE Vector Shape - Group","hd":false},{"ty":"fl","c":{"a":0,"k":[0.725,0.866999966491,1,1],"ix":4},"o":{"a":0,"k":100,"ix":5},"r":1,"bm":0,"nm":"Fill 1","mn":"ADBE Vector Graphic - Fill","hd":false},{"ty":"tr","p":{"a":0,"k":[119.152,182.998],"ix":2},"a":{"a":0,"k":[0,0],"ix":1},"s":{"a":0,"k":[100,100],"ix":3},"r":{"a":0,"k":0,"ix":6},"o":{"a":0,"k":100,"ix":7},"sk":{"a":0,"k":0,"ix":4},"sa":{"a":0,"k":0,"ix":5},"nm":"Transform"}],"nm":"Group 203","np":2,"cix":2,"bm":0,"ix":7,"mn":"ADBE Vector Group","hd":false},{"ty":"tr","p":{"a":1,"k":[{"i":{"x":0.667,"y":1},"o":{"x":0.333,"y":0},"t":0,"s":[119.524,124],"to":[0,-4.5],"ti":[0,0]},{"i":{"x":0.667,"y":1},"o":{"x":0.333,"y":0},"t":73,"s":[119.524,97],"to":[0,0],"ti":[0,0]},{"i":{"x":0.667,"y":1},"o":{"x":0.333,"y":0},"t":180,"s":[119.524,124],"to":[0,0],"ti":[0,0]},{"i":{"x":0.667,"y":1},"o":{"x":0.333,"y":0},"t":253,"s":[119.524,97],"to":[0,0],"ti":[0,-4.5]},{"t":360,"s":[119.524,124]}],"ix":2},"a":{"a":0,"k":[119.524,110],"ix":1},"s":{"a":0,"k":[100,100],"ix":3},"r":{"a":0,"k":0,"ix":6},"o":{"a":0,"k":100,"ix":7},"sk":{"a":0,"k":0,"ix":4},"sa":{"a":0,"k":0,"ix":5},"nm":"Transform"}],"nm":"rocket","np":7,"cix":2,"bm":0,"ix":1,"mn":"ADBE Vector Group","hd":false}],"ip":0,"op":365,"st":0,"bm":0},{"ddd":0,"ind":5,"ty":0,"nm":"smoc","refId":"comp_0","sr":1,"ks":{"o":{"a":0,"k":100,"ix":11},"r":{"a":0,"k":0,"ix":10},"p":{"a":0,"k":[496,774,0],"ix":2},"a":{"a":0,"k":[0,100,0],"ix":1},"s":{"a":0,"k":[-100,100,100],"ix":6}},"ao":0,"tm":{"a":1,"k":[{"i":{"x":[0.833],"y":[0.833]},"o":{"x":[0.167],"y":[0.167]},"t":0,"s":[0]},{"t":60,"s":[1]}],"ix":2,"x":"var $bm_rt;\n$bm_rt = loopOut();"},"w":500,"h":200,"ip":0,"op":481,"st":0,"bm":0},{"ddd":0,"ind":6,"ty":0,"nm":"smoc","refId":"comp_0","sr":1,"ks":{"o":{"a":0,"k":100,"ix":11},"r":{"a":0,"k":0,"ix":10},"p":{"a":0,"k":[496,774,0],"ix":2},"a":{"a":0,"k":[0,100,0],"ix":1},"s":{"a":0,"k":[100,100,100],"ix":6}},"ao":0,"tm":{"a":1,"k":[{"i":{"x":[0.833],"y":[0.833]},"o":{"x":[0.167],"y":[0.167]},"t":0,"s":[0]},{"t":60,"s":[1]}],"ix":2,"x":"var $bm_rt;\n$bm_rt = loopOut();"},"w":500,"h":200,"ip":0,"op":481,"st":0,"bm":0},{"ddd":0,"ind":7,"ty":4,"nm":"all t 2 Outlines 4","sr":1,"ks":{"o":{"a":0,"k":100,"ix":11},"r":{"a":0,"k":0,"ix":10},"p":{"a":0,"k":[500,500,0],"ix":2},"a":{"a":0,"k":[122.07,132.01,0],"ix":1},"s":{"a":0,"k":[420,420,100],"ix":6}},"ao":0,"shapes":[{"ty":"gr","it":[{"ind":0,"ty":"sh","ix":1,"ks":{"a":0,"k":{"i":[[0,-6.616],[58.173,0],[0,6.618],[-58.173,0]],"o":[[0,6.618],[-58.173,0],[0,-6.616],[58.173,0]],"v":[[105.597,163.189],[0.265,175.171],[-105.068,163.189],[0.265,151.209]],"c":true},"ix":2},"nm":"Path 3","mn":"ADBE Vector Shape - Group","hd":false},{"ty":"fl","c":{"a":0,"k":[0.925490196078,0.925490196078,0.925490196078,1],"ix":4},"o":{"a":0,"k":100,"ix":5},"r":1,"bm":0,"nm":"Fill 3","mn":"ADBE Vector Graphic - Fill","hd":false},{"ty":"tr","p":{"a":0,"k":[122.044,57.229],"ix":2},"a":{"a":0,"k":[0,0],"ix":1},"s":{"a":0,"k":[100,100],"ix":3},"r":{"a":0,"k":0,"ix":6},"o":{"a":0,"k":100,"ix":7},"sk":{"a":0,"k":0,"ix":4},"sa":{"a":0,"k":0,"ix":5},"nm":"Transform"}],"nm":"Group 201","np":2,"cix":2,"bm":0,"ix":1,"mn":"ADBE Vector Group","hd":false}],"ip":0,"op":365,"st":0,"bm":0}],"markers":[]}